track,skill,module,title,type,lang,path,difficulty,learning,time,directions,discord_URL,discord_channel_id,discord_message_id,slug
README.md,,,Curr√≠cula prototipo,program,PT,README.md,,,,,,,,-README
LIF,,,Habilidades transversales o 'core skills',program,ES,LIF/README_ES.md,,,,<p>Completa esto antes de comenzar cualquier ruta t√©cnica.</p><p>Te tomar√° como m√°ximo 5 horas de decicaci√≥n.</p>,,,,LIF-README_ES
LIF,01_intro,,‚ö´ Introducci√≥n al desarrollo de Habilidades Transversales (imprescindible),skill,ES,LIF/01_intro/README_ES.md,,,,"<p>Dedicando al menos 5 horas por semana y, dependiendo de tu ritmo √∫nico de aprendizaje, podr√°s comppletar esta **Introducci√≥n** en menos de 1 semanas.</p>",,,,LIF-01_intro-README_ES.md-README_ES
LIF,01_intro,01_baisc_knowledge,"‚óºÔ∏è M√≥dulo 1: ""Todo sobre"" las Habilidades Transversales (imprescindible)",module,ES,LIF/01_intro/01_baisc_knowledge/README_ES.md,,,,,,,,LIF-01_intro-01_baisc_knowledge-README_ES
LIF,01_intro,01_baisc_knowledge,Enfoque,activity,ES,LIF/01_intro/01_baisc_knowledge/activities/00_01_00_LIF_enfoque_ES.md,0,0,0,"<p>üì¢ üí¨ Comenta en el hilo Discord</p><p> - ¬øQu√© piensas del enfoque que te proponemos?</p><p> - ¬øHay alguna experiencia que quieras compartir en la que se evidencia la importancia de estas habilidades?</p><p>Al terminar, recuerda ir a Discord, reaccionar con el check ‚úÖ para marcar tu progreso.</p>",https://discord.com/channels/1209273049304666113/1237453097484292168,1209273049304666113,1237453097484292168,LIF-01_intro-01_baisc_knowledge-00_01_00_LIF_enfoque_ES
LIF,01_intro,01_baisc_knowledge,Bienestar,activity,ES,LIF/01_intro/01_baisc_knowledge/activities/00_01_03_LIF_wellbeign_intro_ES.md,0,0,0,"<p>üì¢ üí¨ Comenta en el hilo Discord:</p><p> - ¬øTen√≠as conocimiento de las evidencias compartidas en la lectura y videos?</p><p>¬øSigues alguna estrategia o h√°bito que quieras compartir?</p><p>Al terminar, recuerda ir a Discord, reaccionar con el check ‚úÖ para marcar tu progreso.</p>",https://discord.com/channels/1209273049304666113/1238188383952437259,1209273049304666113,1238188383952437259,LIF-01_intro-01_baisc_knowledge-00_01_03_LIF_wellbeign_intro_ES
LIF,01_intro,01_baisc_knowledge,Trabajo en equipo,activity,ES,LIF/01_intro/01_baisc_knowledge/activities/00_01_02_LIF_teamwork_ES.md,0,0,0,"<p>üì¢ üí¨ Comenta en el hilo Discord sobre  las 2 ideas de la lectura que m√°s sensaciones te generaron (positivas o negativas).</p><p>Al terminar, recuerda ir a Discord, reaccionar con el check ‚úÖ para marcar tu progreso.</p>",https://discord.com/channels/1209273049304666113/1215434121623380018,1209273049304666113,1215434121623380018,LIF-01_intro-01_baisc_knowledge-00_01_02_LIF_teamwork_ES
LIF,01_intro,01_baisc_knowledge,Autoconocimiento,activity,ES,LIF/01_intro/01_baisc_knowledge/activities/00_01_01_LIF_selfawareness_intro_ES.md,0,0,0,"<p>üì¢ üí¨ Comenta en el hilo Discord sobre algo que te haya llamado la atenci√≥n sobre el tema.</p><p>¬øQuieres compartir tu tipo de personalidad?</p><p>Al terminar, recuerda ir a Discord, reaccionar con el check ‚úÖ para marcar tu progreso.</p>",https://discord.com/channels/1209273049304666113/1210727974484185178,1209273049304666113,1210727974484185178,LIF-01_intro-01_baisc_knowledge-00_01_01_LIF_selfawareness_intro_ES
LIF,01_intro,01_baisc_knowledge,Reflexiona y comenta,activity,ES,LIF/01_intro/01_baisc_knowledge/activities/00_01_04_LIF_overview_closing_ES.md,1,1,1,"<p>üì¢ üí¨ Comenta en el hilo Discord seg√∫n el formato indicado: 1... 2... y 3....</p><p>Al terminar, recuerda ir a Discord, reaccionar con el check ‚úÖ para marcar tu progreso.</p>",https://discord.com/channels/1209273049304666113/1238194332939587659,1209273049304666113,1238194332939587659,LIF-01_intro-01_baisc_knowledge-00_01_04_LIF_overview_closing_ES
LIF,03_wellbeign,,Bienestar Digital,skill,PT,LIF/03_wellbeign/learning_lif_digital_wb_00_intro.md,,,,,,,,LIF-03_wellbeign-learning_lif_digital_wb_00_intro.md-learning_lif_digital_wb_00_intro
DAT,,,An√°lisis de Datos para principiantes,program,ES,DAT/README_ES.md,,,,"<p>Desarrollar√°s las habilidades pr√°cticas para hacer an√°lisis exploratorios, aplicar t√©cnicas b√°sicas de an√°lisis y generar reportes y dashboards.</p><p>Dedicando al menos 5 horas por semana y, dependiendo de tu ritmo √∫nico de aprendizaje, podr√≠as comppletar el programa en XX semanas.</p>",,,,DAT-README_ES
DAT,01_intro,,‚ö´ Introducci√≥n al An√°lisis de Datos (imprescindible),skill,ES,DAT/01_intro/README_ES.md,,,,"<p>Dedicando al menos 5 horas por semana y, dependiendo de tu ritmo √∫nico de aprendizaje, podr√°s comppletar esta **Introducci√≥n** en un rango aproximado de 1 a 2 semanas.</p>",,,,DAT-01_intro-README_ES.md-README_ES
DAT,01_intro,02_learning_bydoing,‚óºÔ∏è M√≥dulo 2 : Aprende haciendo (imprescindible),module,ES,DAT/01_intro/02_learning_bydoing/README_ES.md,,,,,,,,DAT-01_intro-02_learning_bydoing-README_ES
DAT,01_intro,02_learning_bydoing,Reflexiona y comenta,activity,ES,DAT/01_intro/02_learning_bydoing/activities/00_02_02_dat_close_ES.md,1,1,1,<p>üì¢ Comparte tu respuesta con el formato indicado en el hilo de Discord y reacciona con ‚úÖ para marcar tu progreso.</p>,https://discord.com/channels/1209273049304666113/1260275947651731466,1209273049304666113,1260275947651731466,DAT-01_intro-02_learning_bydoing-00_02_02_dat_close_ES
DAT,01_intro,02_learning_bydoing,‚óæ Reto 2.1 : Tablas din√°micas,activity,ES,DAT/01_intro/02_learning_bydoing/activities/00_02_01_dat_myfirst_ES.md,1,2,3,"<p>üí° Evaluaci√≥n: Recuerda que puedes pedir la evaluaci√≥n de una compa√±era antes de terminar tu reto y compartir la URL.</p><p>üì¢ Al terminar, regresa a Discord, üí¨ Comparte la URL de tu trabajo en el hilo y reacciona con ‚úÖ para marcar tu progreso.</p>",https://discord.com/channels/1209273049304666113/1260275785286291520,1209273049304666113,1260275785286291520,DAT-01_intro-02_learning_bydoing-00_02_01_dat_myfirst_ES
DAT,01_intro,02_learning_bydoing,‚óºÔ∏è Aprende haciendo,activity,ES,DAT/01_intro/02_learning_bydoing/activities/00_02_00_dat_practice_ES.md,,,,,,,,DAT-01_intro-02_learning_bydoing-00_02_00_dat_practice_ES
DAT,01_intro,01_baisc_knowledge,"‚óºÔ∏è M√≥dulo 1: ""Todo sobre"" el An√°lisis de Datos (imprescindible)",module,ES,DAT/01_intro/01_baisc_knowledge/README_ES.md,,,,,,,,DAT-01_intro-01_baisc_knowledge-README_ES
DAT,01_intro,01_baisc_knowledge,"‚óºÔ∏è M√≥dulo 1: ""Todo sobre"" el An√°lisis de Datos",activity,ES,DAT/01_intro/01_baisc_knowledge/activities/00_01_00_dat_all_about_ES.md,,,,,,,,DAT-01_intro-01_baisc_knowledge-00_01_00_dat_all_about_ES
DAT,01_intro,01_baisc_knowledge,Herramientas de An√°lisis de Datos M√°s Comunes,activity,ES,DAT/01_intro/01_baisc_knowledge/activities/00_01_05_dat_read_tools_ES.md,0,0,0,"<p>üì¢ Al terminar, regresa a Discord, üí¨ comenta y reacciona con ‚úÖ para marcar tu progreso.</p>",https://discord.com/channels/1209273049304666113/1260275294355325101,1209273049304666113,1260275294355325101,DAT-01_intro-01_baisc_knowledge-00_01_05_dat_read_tools_ES
DAT,01_intro,01_baisc_knowledge,‚óæ Qu√© es la IA,activity,ES,DAT/01_intro/01_baisc_knowledge/activities/00_01_04_dat_activity_ai_que_es_ES.md,1,1,1,"<p>üì¢ Al terminar, regresa a Discord, üí¨ comparte en el hilo sobre 1 o 2 respuestas a las preguntas de investigaci√≥n que te parecieron particularmente interesantes o novedosas. No tengas miedo de parecer ‚Äúque no sabes nada‚Äù, por algo est√°s ac√° ¬øverdad?. Adem√°s, es hermoso aprender y compartir algo al respecto.</p><p>Reacciona con ‚úÖ para marcar tu progreso.</p>",https://discord.com/channels/1209273049304666113/1260275120086188104,1209273049304666113,1260275120086188104,DAT-01_intro-01_baisc_knowledge-00_01_04_dat_activity_ai_que_es_ES
DAT,01_intro,01_baisc_knowledge,‚óæ Importancia y aplicaciones del An√°lisis de Datos,activity,ES,DAT/01_intro/01_baisc_knowledge/activities/00_01_01_dat_activity_que_es_ES.md,1,1,1,"<p>Al terminar, recuerda ir a Discord, üí¨ comparte en el hilo siguiendo el formato propuesto y reacciona con ‚úÖ para marcar tu progreso.</p>",https://discord.com/channels/1209273049304666113/1260272464999481475,1209273049304666113,1260272464999481475,DAT-01_intro-01_baisc_knowledge-00_01_01_dat_activity_que_es_ES
DAT,01_intro,01_baisc_knowledge,‚óæ El rol de las personas en la era de la IA para el An√°lisis de Datos,activity,ES,DAT/01_intro/01_baisc_knowledge/activities/00_01_03_dat_activity_ai_ES.md,1,1,1,"<p>üì¢ Al terminar, regresa a Discord, üí¨ comparte tu respuesta en el formato indicado y reacciona con ‚úÖ para marcar tu progreso.</p>",https://discord.com/channels/1209273049304666113/1260274948837216336,1209273049304666113,1260274948837216336,DAT-01_intro-01_baisc_knowledge-00_01_03_dat_activity_ai_ES
DAT,00_topics,variables_categ√≥ricas_ES.md,Variables Categ√≥ricas (Cualitativas),topic,ES,DAT/00_topics/variables_categ√≥ricas_ES.md,,,,,,,,DAT-00_topics-variables_categ√≥ricas_ES.md-variables_categ√≥ricas_ES
DAT,02_exploratory,,‚ö´ Habilidad (H): An√°lisis exploratorio,skill,ES,DAT/02_exploratory/README_ES.md,,,,,,,,DAT-02_exploratory-README_ES.md-README_ES
DAT,02_exploratory,03_time,‚óºÔ∏è M√≥dulo 3 : An√°lisis del Comportamiento Temporal,module,ES,DAT/02_exploratory/03_time/README_ES.md,,,,,,,,DAT-02_exploratory-03_time-README_ES
DAT,02_exploratory,03_time,‚óæ Reto 3.1: Visualizar datos con gr√°ficos combinados,activity,ES,DAT/02_exploratory/03_time/activities/01_03_02_dat_graficocombinado_ES.md,1,2,2,"<p>üí° Evaluaci√≥n: Recuerda que puedes pedir la evaluaci√≥n de una compa√±era antes de terminar tu reto y compartir la URL.</p><p>üì¢ Al terminar, regresa a Discord, üí¨ Comparte el enlace a tu trabajo en el hilo y reacciona con ‚úÖ para marcar tu progreso.</p><p>No olvides dejar el enlace p√∫blico para que tus compa√±eras puedan verlo.</p>",https://discord.com/channels/1209273049304666113/1276664061622353920,1209273049304666113,1276664061622353920,DAT-02_exploratory-03_time-01_03_02_dat_graficocombinado_ES
DAT,02_exploratory,03_time,‚óºÔ∏è M√≥dulo 3: An√°lisis del Comportamiento Temporal,activity,ES,DAT/02_exploratory/03_time/activities/01_03_00_dat_vizulizareneltiempo_ES.md,,,,,,,,DAT-02_exploratory-03_time-01_03_00_dat_vizulizareneltiempo_ES
DAT,02_exploratory,03_time,‚óæ Reto 3.1: Visualizar datos a lo largo del tiempo,activity,ES,DAT/02_exploratory/03_time/activities/01_03_01_dat_graficolinea_ES.md,1,2,2,"<p>üí° Evaluaci√≥n: Recuerda que puedes pedir la evaluaci√≥n de una compa√±era antes de terminar tu reto y compartir la URL.</p><p>üì¢ Al terminar, regresa a Discord, üí¨ Comparte el enlace a tu trabajo en el hilo y reacciona con ‚úÖ para marcar tu progreso.</p><p>No olvides dejar el enlace p√∫blico para que tus compa√±eras puedan verlo.</p>",https://discord.com/channels/1209273049304666113/1276663948757962792,1209273049304666113,1276663948757962792,DAT-02_exploratory-03_time-01_03_01_dat_graficolinea_ES
DAT,02_exploratory,01_categorial_vars,‚óºÔ∏è M√≥dulo 1 : Variables categ√≥ricas,module,ES,DAT/02_exploratory/01_categorial_vars/README_ES.md,,,,,,,,DAT-02_exploratory-01_categorial_vars-README_ES
DAT,02_exploratory,01_categorial_vars,‚óæ Reto 1.2: Gr√°ficos para el an√°lisis exploratorio,activity,ES,DAT/02_exploratory/01_categorial_vars/activities/01_01_02_dat_viewanalisis_ES.md,1,2,4,"<p>üí° Evaluaci√≥n: Recuerda que puedes pedir la evaluaci√≥n de una compa√±era antes de terminar tu reto y compartir la URL.</p><p>üì¢ Al terminar, regresa a Discord, üí¨ Comparte el enlace a tu trabajo en el hilo y reacciona con ‚úÖ para marcar tu progreso.</p><p>No olvides dejar el enlace p√∫blico para que tus compa√±eras puedan verlo.</p><p> Adem√°s, ¬øquieres comentar alg√∫n aspecto de los datos que te haya llamado la atenci√≥n solamente despu√©s de verlos representados en un gr√°fico?</p>",https://discord.com/channels/1209273049304666113/1276663445835481149,1209273049304666113,1276663445835481149,DAT-02_exploratory-01_categorial_vars-01_01_02_dat_viewanalisis_ES
DAT,02_exploratory,01_categorial_vars,‚óæ Reto 1.1: Mi Primer An√°lisis  (continuaci√≥n de tablas din√°micas),activity,ES,DAT/02_exploratory/01_categorial_vars/activities/01_01_01_dat_myfirstanalisis_ES.md,1,2,4,"<p>üí° Evaluaci√≥n: Recuerda que puedes pedir la evaluaci√≥n de una compa√±era antes de terminar tu reto y compartir la URL.</p><p>üì¢ Al terminar, regresa a Discord, üí¨ Comparte el enlace a tu trabajo en el hilo y reacciona con ‚úÖ para marcar tu progreso.</p><p>No olvides dejar el enlace p√∫blico para que tus compa√±eras puedan verlo.</p>",https://discord.com/channels/1209273049304666113/1276663284900040788,1209273049304666113,1276663284900040788,DAT-02_exploratory-01_categorial_vars-01_01_01_dat_myfirstanalisis_ES
DAT,02_exploratory,01_categorial_vars,‚óºÔ∏è M√≥dulo 1: An√°lisis Exploratorio de Datos y Variables Categ√≥ricas,activity,ES,DAT/02_exploratory/01_categorial_vars/activities/01_01_00_dat_variablescategoricas_ES.md,,,,,,,,DAT-02_exploratory-01_categorial_vars-01_01_00_dat_variablescategoricas_ES
DAT,02_exploratory,02_central_tendency,‚óºÔ∏è M√≥dulo 2 : Medidas de Tendencia Central y Distribuci√≥n de Datos,module,ES,DAT/02_exploratory/02_central_tendency/README_ES.md,,,,,,,,DAT-02_exploratory-02_central_tendency-README_ES
DAT,02_exploratory,02_central_tendency,‚óæ Reto 2.1: Conociendo las medidas de tendencia central,activity,ES,DAT/02_exploratory/02_central_tendency/activities/01_02_01_dat_medidas_ES.md,1,2,3,"<p>üí° Evaluaci√≥n: Recuerda que puedes pedir la evaluaci√≥n de una compa√±era antes de terminar tu reto y compartir la URL.</p><p>üì¢ Al terminar, regresa a Discord, üí¨ Comparte el enlace a tu trabajo en el hilo y reacciona con ‚úÖ para marcar tu progreso.</p><p>No olvides dejar el enlace p√∫blico para que tus compa√±eras puedan verlo.</p>",https://discord.com/channels/1209273049304666113/1276663702384541798,1209273049304666113,1276663702384541798,DAT-02_exploratory-02_central_tendency-01_02_01_dat_medidas_ES
DAT,02_exploratory,02_central_tendency,‚óºÔ∏è M√≥dulo 2: Medidas de Tendencia Central y Distribuci√≥n de Datos,activity,ES,DAT/02_exploratory/02_central_tendency/activities/01_02_00_dat_tendenciacentral_ES.md,,,,,,,,DAT-02_exploratory-02_central_tendency-01_02_00_dat_tendenciacentral_ES
DAT,02_exploratory,02_central_tendency,‚óæ Reto 2.2: Conociendo la distribuci√≥n de los datos,activity,ES,DAT/02_exploratory/02_central_tendency/activities/01_02_02_dat_distribuicion_ES.md,1,2,3,"<p>üí° Evaluaci√≥n: Recuerda que puedes pedir la evaluaci√≥n de una compa√±era antes de terminar tu reto y compartir la URL.</p><p>üì¢ Al terminar, regresa a Discord, üí¨ Comparte el enlace a tu trabajo en el hilo y reacciona con ‚úÖ para marcar tu progreso.</p><p>No olvides dejar el enlace p√∫blico para que tus compa√±eras puedan verlo.</p>",https://discord.com/channels/1209273049304666113/1276663812996730950,1209273049304666113,1276663812996730950,DAT-02_exploratory-02_central_tendency-01_02_02_dat_distribuicion_ES
DEV,,,Desarrollo Web introductorio,program,ES,DEV/README_ES.md,,,,"<p>Desarrollar√°s la habilidad de crear interfaces web responsivas usando HTML y CSS.</p><p>Dedicando al menos 5 horas por semana y, dependiendo de tu ritmo √∫nico de aprendizaje, podr√≠as comppletar el programa en 6 semanas.</p>",,,,DEV-README_ES
DEV,02_responsive,,"‚ö´ Habilidad (H): Maquetaci√≥n Web, b√°sica",skill,ES,DEV/02_responsive/README_ES.md,,,,,,,,DEV-02_responsive-README_ES.md-README_ES
DEV,02_responsive,04_practice_replicate,‚óºÔ∏è M√≥dulo 4 : Practica replicando sitios web reales,module,ES,DEV/02_responsive/04_practice_replicate/README_ES.md,,,,,,,,DEV-02_responsive-04_practice_replicate-README_ES
DEV,02_responsive,04_practice_replicate,‚óæ Reto 4.2: Replica el login de Netflix,activity,ES,DEV/02_responsive/04_practice_replicate/activities/01_04_02_project_replications_netflix_ES.md,2,2,3,"<p>üí° Evaluaci√≥n: Recuerda que puedes pedir la evaluaci√≥n de una compa√±era antes de dar por terminado tu reto.</p><p>Al terminar, regresa a Discord: 1) üí¨ Comparte la URL de tu trabajo en el hilo. 2) Reacciona con ‚úÖ para marcar tu progreso.</p>",https://discord.com/channels/1209273049304666113/1247957065289175161,1209273049304666113,1247957065289175161,DEV-02_responsive-04_practice_replicate-01_04_02_project_replications_netflix_ES
DEV,02_responsive,04_practice_replicate,‚óæ Reto 4.3: Replica una secci√≥n del sitio de Slack,activity,ES,DEV/02_responsive/04_practice_replicate/activities/01_04_03_project_replications_slack_ES.md,3,2,4,"<p>üí° Evaluaci√≥n: Recuerda que puedes pedir la evaluaci√≥n de una compa√±era antes de dar por terminado tu reto.</p><p>Al terminar, regresa a Discord: 1) üí¨ Comparte la URL de tu trabajo en el hilo. 2) Reacciona con ‚úÖ para marcar tu progreso.</p>",https://discord.com/channels/1209273049304666113/1247957188971073657,1209273049304666113,1247957188971073657,DEV-02_responsive-04_practice_replicate-01_04_03_project_replications_slack_ES
DEV,02_responsive,04_practice_replicate,‚óºÔ∏è M√≥dulo 4 : Practica replicando sitios web reales,activity,ES,DEV/02_responsive/04_practice_replicate/activities/01_04_00_modulo_replications_ES.md,,,,,,,,DEV-02_responsive-04_practice_replicate-01_04_00_modulo_replications_ES
DEV,02_responsive,04_practice_replicate,‚óæ Reto 4.1: Replica un dise√±o web b√°sico responsivo,activity,ES,DEV/02_responsive/04_practice_replicate/activities/01_04_01_project_replications_basic_ES.md,2,2,3,"<p>üí° Evaluaci√≥n: Recuerda que puedes pedir la evaluaci√≥n de una compa√±era antes de dar por terminado tu reto.</p><p>Al terminar, regresa a Discord: 1) üí¨ Comparte la URL de tu trabajo en el hilo. 2) Reacciona con ‚úÖ para marcar tu progreso.</p>",https://discord.com/channels/1209273049304666113/1247956846686240778,1209273049304666113,1247956846686240778,DEV-02_responsive-04_practice_replicate-01_04_01_project_replications_basic_ES
DEV,02_responsive,02_your_first_form,‚óºÔ∏è M√≥dulo 2 : Tu primer formulario web,module,ES,DEV/02_responsive/02_your_first_form/README_ES.md,,,,,,,,DEV-02_responsive-02_your_first_form-README_ES
DEV,02_responsive,02_your_first_form,‚óæ Reto 2.1: Creaci√≥n de un formulario,activity,ES,DEV/02_responsive/02_your_first_form/activities/01_02_01_project_formulario_ES.md,1,2,3,"<p>üí° Evaluaci√≥n: Recuerda que puedes pedir la evaluaci√≥n de una compa√±era antes de dar por terminado tu reto.</p><p>Al terminar, regresa a Discord: 1) üí¨ Comparte la URL de tu trabajo en el hilo. 2) Reacciona con ‚úÖ para marcar tu progreso.</p>",https://discord.com/channels/1209273049304666113/1214692430004359238,1209273049304666113,1214692430004359238,DEV-02_responsive-02_your_first_form-01_02_01_project_formulario_ES
DEV,02_responsive,02_your_first_form,‚óºÔ∏è M√≥dulo 2 : Tu primer formulario web,activity,ES,DEV/02_responsive/02_your_first_form/activities/01_02_00_modulo_form_ES.md,,,,,,,,DEV-02_responsive-02_your_first_form-01_02_00_modulo_form_ES
DEV,02_responsive,01_your_first_web,‚óºÔ∏è M√≥dulo 1 : Tu primera web con estilos b√°sicos,module,ES,DEV/02_responsive/01_your_first_web/README_ES.md,,,,,,,,DEV-02_responsive-01_your_first_web-README_ES
DEV,02_responsive,01_your_first_web,‚óºÔ∏è M√≥dulo 1 : Tu primera web con estilos b√°sicos,activity,ES,DEV/02_responsive/01_your_first_web/activities/01_01_00_modulo_myFirstWeb_ES.md,,,,,,,,DEV-02_responsive-01_your_first_web-01_01_00_modulo_myFirstWeb_ES
DEV,02_responsive,01_your_first_web,‚óæ Reto 1.2 : Agregando estilos con CSS,activity,ES,DEV/02_responsive/01_your_first_web/activities/01_01_02_project_add_CSS_ES.md,1,2,3,"<p>üí° Evaluaci√≥n: Recuerda que puedes pedir la evaluaci√≥n de una compa√±era antes de terminar tu reto y compartir la URL.</p><p>üì¢ Al terminar, regresa a Discord, üí¨ Comparte la URL de tu trabajo en el hilo y reacciona con ‚úÖ para marcar tu progreso.</p>",https://discord.com/channels/1209273049304666113/1215720612756983828,1209273049304666113,1215720612756983828,DEV-02_responsive-01_your_first_web-01_01_02_project_add_CSS_ES
DEV,02_responsive,01_your_first_web,‚óæ Reto 1.3: HTML sem√°ntico,activity,ES,DEV/02_responsive/01_your_first_web/activities/01_01_03_project_semantic_HTML_ES.md,1,1,2,"<p>üí° Evaluaci√≥n: Recuerda que puedes pedir la evaluaci√≥n de una compa√±era antes de dar por terminado tu reto.</p><p>Al terminar, regresa a Discord: 1) üí¨ Comparte la URL de tu trabajo en el hilo. 2) Reacciona con ‚úÖ para marcar tu progreso.</p>",https://discord.com/channels/1209273049304666113/1243288546895331491,1209273049304666113,1243288546895331491,DEV-02_responsive-01_your_first_web-01_01_03_project_semantic_HTML_ES
DEV,02_responsive,01_your_first_web,‚óæ Reto 1.1: Mi Primera P√°gina HTML (cont...),activity,ES,DEV/02_responsive/01_your_first_web/activities/01_01_01_project_myFirstWeb_ES.md,1,2,2,"<p>üí° Evaluaci√≥n: Recuerda que puedes pedir la evaluaci√≥n de una compa√±era antes de dar por terminado tu reto.</p><p>Al terminar, regresa a Discord: 1) üí¨ Comparte la URL de tu trabajo en el hilo. 2) Reacciona con ‚úÖ para marcar tu progreso.</p>",https://discord.com/channels/1209273049304666113/1209888657507487744,1209273049304666113,1209888657507487744,DEV-02_responsive-01_your_first_web-01_01_01_project_myFirstWeb_ES
DEV,02_responsive,03_responsive_design,‚óºÔ∏è M√≥dulo 3 : Dise√±o web responsivo,module,ES,DEV/02_responsive/03_responsive_design/README_ES.md,,,,,,,,DEV-02_responsive-03_responsive_design-README_ES
DEV,02_responsive,03_responsive_design,‚óæ Reto 3.2: Dise√±o Responsivo con Unidades Relativas y Flexbox,activity,ES,DEV/02_responsive/03_responsive_design/activities/01_03_02_project_responsive_flexbox_ES.md,3,3,5,"<p>üí° Evaluaci√≥n: Recuerda que puedes pedir la evaluaci√≥n de una compa√±era antes de terminar tu reto y compartir la URL.</p><p>üì¢ Al terminar, regresa a Discord, üí¨ Comparte la URL de tu trabajo en el hilo y reacciona con ‚úÖ para marcar tu progreso.</p>",https://discord.com/channels/1209273049304666113/1215722402961555466,1209273049304666113,1215722402961555466,DEV-02_responsive-03_responsive_design-01_03_02_project_responsive_flexbox_ES
DEV,02_responsive,03_responsive_design,‚óæReto 3.1: Dise√±o Responsivo con Media Queries,activity,ES,DEV/02_responsive/03_responsive_design/activities/01_03_01_project_responsive_mediaqueries_ES.md,2,3,5,"<p>üí° Evaluaci√≥n: Recuerda que puedes pedir la evaluaci√≥n de una compa√±era antes de dar por terminado tu reto.</p><p>Al terminar, regresa a Discord: 1) üí¨ Comparte la URL de tu trabajo en el hilo. 2) Reacciona con ‚úÖ para marcar tu progreso.</p>",https://discord.com/channels/1209273049304666113/1215722209461542943,1209273049304666113,1215722209461542943,DEV-02_responsive-03_responsive_design-01_03_01_project_responsive_mediaqueries_ES
DEV,02_responsive,03_responsive_design,‚óºÔ∏è M√≥dulo 3 : Dise√±o web responsivo,activity,ES,DEV/02_responsive/03_responsive_design/activities/01_03_00_modulo_responsive_ES.md,,,,,,,,DEV-02_responsive-03_responsive_design-01_03_00_modulo_responsive_ES
DEV,01_intro,,‚ö´ Introducci√≥n al Desarrollo Web,skill,ES,DEV/01_intro/README_ES.md,,,,"<p>Dedicando al menos 5 horas por semana y, dependiendo de tu ritmo √∫nico de aprendizaje, podr√°s comppletar esta **Introducci√≥n** en un rango aproximado de 1 a 2 semanas.</p>",,,,DEV-01_intro-README_ES.md-README_ES
DEV,01_intro,02_learning_bydoing,‚óºÔ∏è M√≥dulo 2 : Aprende haciendo (imprescindible),module,ES,DEV/01_intro/02_learning_bydoing/README_ES.md,,,,,,,,DEV-01_intro-02_learning_bydoing-README_ES
DEV,01_intro,02_learning_bydoing,‚óºÔ∏è Aprende haciendo,activity,ES,DEV/01_intro/02_learning_bydoing/activities/00_02_00_practice_ES.md,,,,,,,,DEV-01_intro-02_learning_bydoing-00_02_00_practice_ES
DEV,01_intro,02_learning_bydoing,‚óæ Reflexiona y comenta,activity,ES,DEV/01_intro/02_learning_bydoing/activities/00_02_02_close_ES.md,,,,,,,,DEV-01_intro-02_learning_bydoing-00_02_02_close_ES
DEV,01_intro,02_learning_bydoing,‚óæ Reto 2.1 : Mi Primera P√°gina HTML,activity,ES,DEV/01_intro/02_learning_bydoing/activities/00_02_01_myfirst_ES.md,1,1,4,"<p>üí° Evaluaci√≥n: Recuerda que puedes pedir la evaluaci√≥n de una compa√±era antes de dar por terminado tu reto y compartir la URL en el hilo.</p><p>Al terminar, regresa a Discord, üí¨ Comparte la URL de tu trabajo en el hilo y reacciona con ‚úÖ para marcar tu progreso.</p>",https://discord.com/channels/1209273049304666113/1238556097263177849,1209273049304666113,1238556097263177849,DEV-01_intro-02_learning_bydoing-00_02_01_myfirst_ES
DEV,01_intro,01_baisc_knowledge,"‚óºÔ∏è M√≥dulo 1: ""Todo sobre"" el Desarrollo Web (imprescindible)",module,ES,DEV/01_intro/01_baisc_knowledge/README_ES.md,,,,,,,,DEV-01_intro-01_baisc_knowledge-README_ES
DEV,01_intro,01_baisc_knowledge,‚óæ Entendiendo Internet y la Web,activity,ES,DEV/01_intro/01_baisc_knowledge/activities/00_01_01_DEV_internet_web_ES.md,1,1,1,"<p>Al terminar, recuerda ir a Discord, reaccionar con el check ‚úÖ para marcar tu progreso.</p><p>Comenta üì¢ üí¨ en el hilo üì¢ üí¨ sobre 1 o 2 respuestas a las preguntas de investigaci√≥n que te parecieron particularmente interesantes o novedosas. No tengas miedo de parecer ‚Äúque no sabes nada‚Äù, por algo est√°s ac√° ¬øverdad?. Adem√°s, es hermoso aprender y compartir algo al respecto.</p>",https://discord.com/channels/1209273049304666113/1210625595638284328,1209273049304666113,1210625595638284328,DEV-01_intro-01_baisc_knowledge-00_01_01_DEV_internet_web_ES
DEV,01_intro,01_baisc_knowledge,El impacto del Desarrollo Web en la vida cotidiana,activity,ES,DEV/01_intro/01_baisc_knowledge/activities/00_01_03_dev_life_ES.md,0,0,0,"<p>Al terminar, recuerda ir a Discord, reaccionar con el check ‚úÖ para marcar tu progreso y comentar üì¢ üí¨ en el hilo.</p>",https://discord.com/channels/1209273049304666113/1238548930908786829,1209273049304666113,1238548930908786829,DEV-01_intro-01_baisc_knowledge-00_01_03_dev_life_ES
DEV,01_intro,01_baisc_knowledge,Tendencias actuales y futuras en el Desarrollo Web,activity,ES,DEV/01_intro/01_baisc_knowledge/activities/00_01_04_dev_trends_ES.md,0,0,0,"<p>Al terminar, recuerda ir a Discord, reaccionar con el check ‚úÖ para marcar tu progreso y comentar üì¢ üí¨ en el hilo.</p>",https://discord.com/channels/1209273049304666113/1238549083036061736,1209273049304666113,1238549083036061736,DEV-01_intro-01_baisc_knowledge-00_01_04_dev_trends_ES
DEV,01_intro,01_baisc_knowledge,Herramientas y tecnolog√≠as b√°sicas del Desarrollo Web,activity,ES,DEV/01_intro/01_baisc_knowledge/activities/00_01_05_dev_tools_ES.md,0,0,0,"<p>Al terminar, recuerda ir a Discord, reaccionar con el check ‚úÖ para marcar tu progreso y comentar üì¢ üí¨ en el hilo.</p>",https://discord.com/channels/1209273049304666113/1238549329921183744,1209273049304666113,1238549329921183744,DEV-01_intro-01_baisc_knowledge-00_01_05_dev_tools_ES
DEV,01_intro,01_baisc_knowledge,‚óæ Qu√© es el desarrollo web front-end y qu√© es el back-end,activity,ES,DEV/01_intro/01_baisc_knowledge/activities/00_01_02_DEV_web_ES.md,1,1,1,"<p>Al terminar, recuerda ir a Discord, reaccionar con el check ‚úÖ para marcar tu progreso.</p><p>Comenta üì¢ üí¨ en el hilo üì¢ üí¨ sobre 1 o 2 respuestas a las preguntas de investigaci√≥n que te parecieron particularmente interesantes o novedosas. No tengas miedo de parecer ‚Äúque no sabes nada‚Äù, por algo est√°s ac√° ¬øverdad?. Adem√°s, es hermoso aprender y compartir algo al respecto.</p>",https://discord.com/channels/1209273049304666113/1238540671535812699,1209273049304666113,1238540671535812699,DEV-01_intro-01_baisc_knowledge-00_01_02_DEV_web_ES
DEV,01_intro,01_baisc_knowledge,"‚óºÔ∏è M√≥dulo 1: ""Todo sobre"" el Desarrollo Web",activity,ES,DEV/01_intro/01_baisc_knowledge/activities/00_01_00_DEV_all_about_ES.md,,,,,,,,DEV-01_intro-01_baisc_knowledge-00_01_00_DEV_all_about_ES
DEV,00_topics,html_ES.md,HTML: HyperText Markup Language,topic,ES,DEV/00_topics/html_ES.md,,,,,,,,DEV-00_topics-html_ES.md-html_ES
DEV,00_topics,css_media_queries_ES.md,Media Queries y Viewport,topic,ES,DEV/00_topics/css_media_queries_ES.md,,,,,,,,DEV-00_topics-css_media_queries_ES.md-css_media_queries_ES
DEV,00_topics,editors_codepen_fork_ES.md,"CodePen, fork o bifurcaci√≥n",topic,ES,DEV/00_topics/editors_codepen_fork_ES.md,,,,,,,,DEV-00_topics-editors_codepen_fork_ES.md-editors_codepen_fork_ES
DEV,00_topics,html_semantic_ES.md,Introducci√≥n al HTML Sem√°ntico,topic,ES,DEV/00_topics/html_semantic_ES.md,,,,,,,,DEV-00_topics-html_semantic_ES.md-html_semantic_ES
DEV,00_topics,editors_codepen_doctype_ES.md,CodePen <DOCTYPE html>,topic,ES,DEV/00_topics/editors_codepen_doctype_ES.md,,,,,,,,DEV-00_topics-editors_codepen_doctype_ES.md-editors_codepen_doctype_ES
DEV,00_topics,css_fundamentos_ES.md,CSS: Fundamentos y ejemplos,topic,ES,DEV/00_topics/css_fundamentos_ES.md,,,,,,,,DEV-00_topics-css_fundamentos_ES.md-css_fundamentos_ES
DEV,00_topics,css_intro_ES.md,Introducci√≥n a CSS,topic,ES,DEV/00_topics/css_intro_ES.md,,,,,,,,DEV-00_topics-css_intro_ES.md-css_intro_ES
DEV,00_topics,css_units_ES.md,¬øQu√© es una unidad relativa?,topic,ES,DEV/00_topics/css_units_ES.md,,,,,,,,DEV-00_topics-css_units_ES.md-css_units_ES
DEV,00_topics,editors_codepen_ES.md,CodePen,topic,ES,DEV/00_topics/editors_codepen_ES.md,,,,,,,,DEV-00_topics-editors_codepen_ES.md-editors_codepen_ES
DEV,00_topics,html_forms_ES.md,Formularios,topic,ES,DEV/00_topics/html_forms_ES.md,,,,,,,,DEV-00_topics-html_forms_ES.md-html_forms_ES
DEV,00_topics,css_relative_units_ES.md,¬øQu√© es una unidad relativa?,topic,ES,DEV/00_topics/css_relative_units_ES.md,,,,,,,,DEV-00_topics-css_relative_units_ES.md-css_relative_units_ES
DEV,00_topics,css_flexbox_ES.md,Flexbox,topic,ES,DEV/00_topics/css_flexbox_ES.md,,,,,,,,DEV-00_topics-css_flexbox_ES.md-css_flexbox_ES
NOC,,,No-Code y AI,program,ES,NOC/README_ES.md,,,,"<p>Aprender√°s a automatizar tareas y proces tipicos de ""oficina"" y a sacar el m√°ximo provesho de la IA generativa.</p><p>Dedicando al menos 5 horas por semana y, dependiendo de tu ritmo √∫nico de aprendizaje, podr√≠as comppletar el programa en 6 semanas.</p>",,,,NOC-README_ES
NOC,01_intro,,‚ö´ Introducci√≥n a No-code e IA (imprescindible),skill,ES,NOC/01_intro/README_ES.md,,,,"<p>Dedicando al menos 5 horas por semana y, dependiendo de tu ritmo √∫nico de aprendizaje, podr√°s comppletar esta **Introducci√≥n** en un rango aproximado de 1 a 2 semanas.</p>",,,,NOC-01_intro-README_ES.md-README_ES
NOC,01_intro,02_learning_bydoing,‚óºÔ∏è M√≥dulo 2 : Aprende haciendo (imprescindible),module,ES,NOC/01_intro/02_learning_bydoing/README_ES.md,,,,,,,,NOC-01_intro-02_learning_bydoing-README_ES
NOC,01_intro,02_learning_bydoing,‚óæ Reflexiona y comenta,activity,ES,NOC/01_intro/02_learning_bydoing/activities/00_02_02_NOC_close_ES.md,1,1,2,"<p>üì¢ Al terminar, regresa a Discord, üí¨ comparte tu respuesta en el formato indicado y reacciona con ‚úÖ para marcar tu progreso.</p>",https://discord.com/channels/1209273049304666113/1253058046347710605,1209273049304666113,1253058046347710605,NOC-01_intro-02_learning_bydoing-00_02_02_NOC_close_ES
NOC,01_intro,02_learning_bydoing,Aprende haciendo,module,ES,NOC/01_intro/02_learning_bydoing/activities/README_ES.md,,,,,,,,NOC-01_intro-02_learning_bydoing-README_ES
NOC,01_intro,02_learning_bydoing,‚óæ Reto 2.1 : Mi Primera Automatizaci√≥n,activity,ES,NOC/01_intro/02_learning_bydoing/activities/00_02_01_NOC_myfirst_ES.md,1,2,3,"<p>üí° Evaluaci√≥n: Recuerda que puedes pedir la evaluaci√≥n de una compa√±era antes de dar por terminado tu reto y compartir la URL en el hilo.</p><p>Al terminar, regresa a Discord, üí¨ Comparte la URL de tu trabajo en el hilo y reacciona con ‚úÖ para marcar tu progreso.</p>",https://discord.com/channels/1209273049304666113/1253057799961968671,1209273049304666113,1253057799961968671,NOC-01_intro-02_learning_bydoing-00_02_01_NOC_myfirst_ES
NOC,01_intro,01_baisc_knowledge,"‚óºÔ∏è M√≥dulo 1: ""Todo sobre"" no-code e IA (imprescindible)",module,ES,NOC/01_intro/01_baisc_knowledge/README_ES.md,,,,,,,,NOC-01_intro-01_baisc_knowledge-README_ES
NOC,01_intro,01_baisc_knowledge,‚óºÔ∏è M√≥dulo 1: Todo sobre no-code e IA,activity,ES,NOC/01_intro/01_baisc_knowledge/activities/00_01_00_NOC_all_about_ES.md,,,,,,,,NOC-01_intro-01_baisc_knowledge-00_01_00_NOC_all_about_ES
NOC,01_intro,01_baisc_knowledge,‚óæ Qu√© es la IA,activity,ES,NOC/01_intro/01_baisc_knowledge/activities/00_01_03_AI_activity_que_es_ES.md,1,1,1,"<p>Comparte üì¢ üí¨  en el hilo de Discord sobre 1 o 2 respuestas a las preguntas de investigaci√≥n que te parecieron particularmente interesantes o novedosas. No tengas miedo de parecer ‚Äúque no sabes nada‚Äù, por algo est√°s ac√° ¬øverdad?. Adem√°s, es hermoso aprender y compartir algo al respecto. Reacciona con ‚úÖ para marcar tu progreso.</p>",https://discord.com/channels/1209273049304666113/1253005294485639250,1209273049304666113,1253005294485639250,NOC-01_intro-01_baisc_knowledge-00_01_03_AI_activity_que_es_ES
NOC,01_intro,01_baisc_knowledge,‚óæ Herramientas No-code m√°s comunes,activity,ES,NOC/01_intro/01_baisc_knowledge/activities/00_01_04_NOC_activity_tools_ES.md,1,1,1,"<p>Comparte üì¢ üí¨  en el hilo de Discord sobre qu√© herramientas elegiste, por qu√© y con qu√© dificultad te topaste. Reacciona con ‚úÖ para marcar tu progreso.</p>",https://discord.com/channels/1209273049304666113/1253005380443701248,1209273049304666113,1253005380443701248,NOC-01_intro-01_baisc_knowledge-00_01_04_NOC_activity_tools_ES
NOC,01_intro,01_baisc_knowledge,‚óæ Entendiendo Internet y la Web,activity,ES,NOC/01_intro/01_baisc_knowledge/activities/00_01_01_NOC_internet_web_ES.md,,,,,,,,NOC-01_intro-01_baisc_knowledge-00_01_01_NOC_internet_web_ES
NOC,01_intro,01_baisc_knowledge,‚óæ Qu√© es el No-Code,activity,ES,NOC/01_intro/01_baisc_knowledge/activities/00_01_02_NOC_activity_que_es_ES.md,1,1,1,<p>Comparte üì¢ üí¨  en el hilo de Discord siguiendo el formato propuesto y reacciona con ‚úÖ para marcar tu progreso.</p>,https://discord.com/channels/1209273049304666113/1253005244103917679,1209273049304666113,1253005244103917679,NOC-01_intro-01_baisc_knowledge-00_01_02_NOC_activity_que_es_ES
NOC,01_intro,01_baisc_knowledge,‚óæ Herramientas IA generativa m√°s comunes,activity,ES,NOC/01_intro/01_baisc_knowledge/activities/00_01_05_AI_activity_tools_ES.md,1,1,2,"<p>Comparte üì¢ üí¨  en el hilo de Discord sobre qu√© herramientas elegiste, por qu√© y con qu√© dificultad te topaste. Reacciona con ‚úÖ para marcar tu progreso.</p>",https://discord.com/channels/1209273049304666113/1253005451042492537,1209273049304666113,1253005451042492537,NOC-01_intro-01_baisc_knowledge-00_01_05_AI_activity_tools_ES
LEA,,,Metodolog√≠a y de aprendizaje,program,ES,LEA/README_ES.md,,,,<p>Completa esto antes de comenzar cualquier ruta t√©cnica.</p><p>Te tomar√° como m√°ximo 5 horas de decicaci√≥n.</p>,,,,LEA-README_ES
LEA,01_intro,,‚ö´ Introducci√≥n a la metodolog√≠a de aprendizaje (imprescindible),skill,ES,LEA/01_intro/README_ES.md,,,,"<p>Dedicando al menos 5 horas por semana y, dependiendo de tu ritmo √∫nico de aprendizaje, podr√°s comppletar esta **Introducci√≥n** en menos de 1 semanas.</p>",,,,LEA-01_intro-README_ES.md-README_ES
LEA,01_intro,01_baisc_knowledge,"‚óºÔ∏è M√≥dulo 1: ""Todo sobre"" la metodolog√≠a (imprescindible)",module,ES,LEA/01_intro/01_baisc_knowledge/README_ES.md,,,,,,,,LEA-01_intro-01_baisc_knowledge-README_ES
LEA,01_intro,01_baisc_knowledge,IA como herramienta de aprendizaje,activity,ES,LEA/01_intro/01_baisc_knowledge/activities/00_01_04_LEA_ai_ES.md,0,0,0,"<p>üì¢ üí¨ Comenta en el hilo de Discord: ¬øHay algo que te preocupe sobre usar las IAs para aprender?, ¬øte parece que son contraproducentes?, ¬øtienes alguna recomendaci√≥n sobre c√≥mo las est√°s usando de forma responsable?</p>",https://discord.com/channels/1209273049304666113/1215449353250938901,1209273049304666113,1215449353250938901,LEA-01_intro-01_baisc_knowledge-00_01_04_LEA_ai_ES
LEA,01_intro,01_baisc_knowledge,El mito de los promedios,activity,ES,LEA/01_intro/01_baisc_knowledge/activities/00_01_02_LEA_average_ES.md,0,0,0,"<p>üì¢ üí¨ Comenta en el hilo de Discord: ¬øHab√≠as pensado alguna vez en las implicaciones de que casi todo est√© hecho para 'los promedios'?, ¬øte das cuenta de lo absurdo y, sin embargo, aceptado que tenemos esto?</p>",https://discord.com/channels/1209273049304666113/1215448579662028820,1209273049304666113,1215448579662028820,LEA-01_intro-01_baisc_knowledge-00_01_02_LEA_average_ES
LEA,01_intro,01_baisc_knowledge,Evaluaci√≥n,activity,ES,LEA/01_intro/01_baisc_knowledge/activities/00_01_05_LEA_assessment_ES.md,0,0,0,"<p>üì¢ üí¨ Comenta en el hilo de Discord: ¬øHay algo que te preocupe sobre usar las IAs para aprender?, ¬øte parece que son contraproducentes?, ¬øtienes alguna recomendaci√≥n sobre c√≥mo las est√°s usando de forma responsable?</p>",https://discord.com/channels/1209273049304666113/1233158776476143680,1209273049304666113,1233158776476143680,LEA-01_intro-01_baisc_knowledge-00_01_05_LEA_assessment_ES
LEA,01_intro,01_baisc_knowledge,La transformaci√≥n del trabajo y las oportunidades,activity,ES,LEA/01_intro/01_baisc_knowledge/activities/00_01_01_LEA_work_ES.md,0,0,0,"<p>üì¢ üí¨ Comenta en el hilo de Discord: ¬øTe parece una visi√≥n exagerada sobre el cambio del empleo?, ¬øes algo que ya est√°s viviendo directamente?, ¬øqu√© temores tienes al respecto?</p>",https://discord.com/channels/1209273049304666113/1215445879411052554,1209273049304666113,1215445879411052554,LEA-01_intro-01_baisc_knowledge-00_01_01_LEA_work_ES
LEA,01_intro,01_baisc_knowledge,Filosof√≠a de aprendizaje,activity,ES,LEA/01_intro/01_baisc_knowledge/activities/00_01_03_LEA_philosophy_ES.md,0,0,0,"<p>üì¢ üí¨ Comenta en el hilo de Discord: ¬øQu√© conflictos se acaban de generar en tu üß†? Comenta la idea que m√°s pensamientos te produjo, para bien o para mal.</p>",https://discord.com/channels/1209273049304666113/1215446781375160360,1209273049304666113,1215446781375160360,LEA-01_intro-01_baisc_knowledge-00_01_03_LEA_philosophy_ES
